Workbook

Sheet Grenzen
B2: Sparwoche | C2: R2 | D2: 35
C3: R3 | D3: 45
B5: All in woche | C5: R2 | D5: 40
C6: R3 | D6: 55

Sheet VS
A1: Position | B1: Name | C1: Points | D1: Alt | E1: Neu | F1: Change | G1: Ausnahme
A2: 1 | B2: pizm8 ツ | C2: 122252758 | D2: =VLOOKUP(B2,TS!$B$2:$D$99,2,0) -> R3 | E2: R3 | F2: =IF(D2<>E2,"Y","N") -> N
A3: 2 | B3: Kotor47 | C3: 92701653 | D3: =VLOOKUP(B3,TS!$B$2:$D$99,2,0) -> R4 | E3: R4 | F3: =IF(D3<>E3,"Y","N") -> N
A4: 3 | B4: Smowy | C4: 84719467 | D4: =VLOOKUP(B4,TS!$B$2:$D$99,2,0) -> R4 | E4: R4 | F4: =IF(D4<>E4,"Y","N") -> N
A5: 4 | B5: Last Wolf Warrior | C5: 79796915 | D5: =VLOOKUP(B5,TS!$B$2:$D$99,2,0) -> R3 | E5: R3 | F5: =IF(D5<>E5,"Y","N") -> N
A6: 5 | B6: Fürst der Nazgúl | C6: 75532566 | D6: =VLOOKUP(B6,TS!$B$2:$D$99,2,0) -> R4 | E6: R4 | F6: =IF(D6<>E6,"Y","N") -> N
A7: 6 | B7: cappu97 | C7: 73043815 | D7: =VLOOKUP(B7,TS!$B$2:$D$99,2,0) -> R4 | E7: R4 | F7: =IF(D7<>E7,"Y","N") -> N
A8: 7 | B8: lefueT | C8: 71246950 | D8: =VLOOKUP(B8,TS!$B$2:$D$99,2,0) -> R3 | E8: R3 | F8: =IF(D8<>E8,"Y","N") -> N
A9: 8 | B9: Feivel D MauS | C9: 67285542 | D9: =VLOOKUP(B9,TS!$B$2:$D$99,2,0) -> R3 | E9: R3 | F9: =IF(D9<>E9,"Y","N") -> N
A10: 9 | B10: K E R S Y | C10: 66245210 | D10: =VLOOKUP(B10,TS!$B$2:$D$99,2,0) -> R3 | E10: R3 | F10: =IF(D10<>E10,"Y","N") -> N
A11: 10 | B11: Cluster82 | C11: 64486230 | D11: =VLOOKUP(B11,TS!$B$2:$D$99,2,0) -> R3 | E11: R3 | F11: =IF(D11<>E11,"Y","N") -> N
A12: 11 | B12: Haulsen | C12: 63921328 | D12: =VLOOKUP(B12,TS!$B$2:$D$99,2,0) -> R3 | E12: R3 | F12: =IF(D12<>E12,"Y","N") -> N
A13: 12 | B13: DaliborDaki | C13: 62679545 | D13: =VLOOKUP(B13,TS!$B$2:$D$99,2,0) -> R3 | E13: R3 | F13: =IF(D13<>E13,"Y","N") -> N
... A48: 47 | B48: Bogo und Pini | C48: 46966993 | D48: =VLOOKUP(B48,TS!$B$2:$D$99,2,0) -> R3 | E48: R3 | F48: =IF(D48<>E48,"Y","N") -> N
A49: 48 | B49: Jimi777 | C49: 46940584 | D49: - | E49: - | F49: =IF(D49<>E49,"Y","N") -> N
A50: 49 | B50: LatastrophenUlli | C50: 46702703 | D50: =VLOOKUP(B50,TS!$B$2:$D$99,2,0) -> R1 | E50: R3 | F50: =IF(D50<>E50,"Y","N") -> Y
A51: 50 | B51: Sultan Murat X | C51: 46371945 | D51: =VLOOKUP(B51,TS!$B$2:$D$99,2,0) -> R3 | E51: R3 | F51: =IF(D51<>E51,"Y","N") -> N
A52: 51 | B52: sunny75 | C52: 45689157 | D52: =VLOOKUP(B52,TS!$B$2:$D$99,2,0) -> R3 | E52: R3 | F52: =IF(D52<>E52,"Y","N") -> N
A53: 52 | B53: SmartesGirl | C53: 45060527 | D53: =VLOOKUP(B53,TS!$B$2:$D$99,2,0) -> R3 | E53: R3 | F53: =IF(D53<>E53,"Y","N") -> N
A54: 53 | B54: Skywölkchen | C54: 45002889 | D54: =VLOOKUP(B54,TS!$B$2:$D$99,2,0) -> R3 | E54: R3 | F54: =IF(D54<>E54,"Y","N") -> N
A55: 54 | B55: Tom12234455 | C55: 44946235 | D55: =VLOOKUP(B55,TS!$B$2:$D$99,2,0) -> R3 | E55: R2 | F55: =IF(D55<>E55,"Y","N") -> Y
A56: 55 | B56: EXITUS | C56: 44170227 | D56: =VLOOKUP(B56,TS!$B$2:$D$99,2,0) -> R3 | E56: R2 | F56: =IF(D56<>E56,"Y","N") -> Y
A57: 56 | B57: Sphere8472 | C57: 42623039 | D57: =VLOOKUP(B57,TS!$B$2:$D$99,2,0) -> R3 | E57: R2 | F57: =IF(D57<>E57,"Y","N") -> Y
A58: 57 | B58: Mac1902 | C58: 42095782 | D58: =VLOOKUP(B58,TS!$B$2:$D$99,2,0) -> R2 | E58: R2 | F58: =IF(D58<>E58,"Y","N") -> N
A59: 58 | B59: feimel | C59: 41249357 | D59: =VLOOKUP(B59,TS!$B$2:$D$99,2,0) -> R3 | E59: R2 | F59: =IF(D59<>E59,"Y","N") -> Y
A60: 59 | B60: Kpiftw | C60: 40675814 | D60: =VLOOKUP(B60,TS!$B$2:$D$99,2,0) -> R2 | E60: R2 | F60: =IF(D60<>E60,"Y","N") -> N
A61: 60 | B61: Toby Urbex | C61: 39644298 | D61: =VLOOKUP(B61,TS!$B$2:$D$99,2,0) -> R3 | E61: R2 | F61: =IF(D61<>E61,"Y","N") -> Y
... A88: 87 | B88: Chrisiiii | C88: 12764685 | D88: =VLOOKUP(B88,TS!$B$2:$D$99,2,0) -> R3 | E88: R1 | F88: =IF(D88<>E88,"Y","N") -> Y

Sheet TS
A1: position | B1: name | C1: rank | D1: points
A2: 1 | B2: azerty57 | C2: R3 | D2: 110750
A3: 2 | B3: cappu97 | C3: R4 | D3: 79450
A4: 3 | B4: Bugab0o | C4: R3 | D4: 77050
A5: 4 | B5: Fürstin | C5: R3 | D5: 74850
A6: 5 | B6: waynowazza | C6: R3 | D6: 71100
A7: 6 | B7: Queeniiiii | C7: R5 | D7: 66350
A8: 7 | B8: Svela17 | C8: R3 | D8: 65050
A9: 8 | B9: jukata | C9: R3 | D9: 63650
A10: 9 | B10: ECSI | C10: R3 | D10: 62750
A11: 10 | B11: Cluster82 | C11: R3 | D11: 62750
A12: 11 | B12: PHOENIX FOX | C12: R4 | D12: 61450
A13: 12 | B13: JSheridan | C13: R4 | D13: 61050
... A92: 91 | B92: MellidieGroße | C92: R1 | D92: 0
